[{"message_id": "0e4d23c9-2292-48f6-b6a6-819f539a25dc", "conversation_id": "54c0d749b7c446258db3e13efa047098", "user_id": "user-0SAUHi2VyIB65N8JDxQF9ieO", "rating": "thumbsUp", "content": "{\"text\": \"Good answer!\"}"}, {"message_id": "2848f9ed-a779-4f2d-80b1-e17f0c257bcf", "conversation_id": "17e0d9ce7b6c47059180c6241db67fb0", "user_id": "user-0SAUHi2VyIB65N8JDxQF9ieO", "rating": "thumbsUp", "content": "{}"}, {"message_id": "982a4543-f55a-42c1-9721-b5a2576d7989", "conversation_id": "e4d7274957e94c4b9743ec17dcb8e232", "user_id": "user-0SAUHi2VyIB65N8JDxQF9ieO", "rating": "thumbsDown", "content": "{\"text\": \"def numberOfSteps (num: int) -> int: \\n        steps = 0\\n        while num:\\n            if num & 1 == 0:\\n                num >>=1\\n            else:\\n                num -= 1\\n            steps += 1\\n        return steps\", \"tags\": [\"false\"]}"}, {"message_id": "d308aed3-6183-428b-b215-10fbc24ff84c", "conversation_id": "65b5b0495e4043cbbd6e9c771118f00e", "user_id": "user-0SAUHi2VyIB65N8JDxQF9ieO", "rating": "thumbsUp", "content": "{}"}, {"message_id": "dd726b34-e7c5-4a7f-9130-422585e011ca", "conversation_id": "17e0d9ce7b6c47059180c6241db67fb0", "user_id": "user-0SAUHi2VyIB65N8JDxQF9ieO", "rating": "thumbsUp", "content": "{}"}]